{
  "IcoMoonType": "selection",
  "icons": [
    {
      "icon": {
        "paths": [
          "M1082.976 62.64c21.036-18.487 49.029-28.707 78.074-28.504s56.868 10.813 77.599 29.591c20.73 18.778 32.748 44.256 33.516 71.058 0.767 26.801-9.774 52.829-29.402 72.593l-595.84 687.853c-10.245 10.186-22.611 18.362-36.357 24.036-13.747 5.674-28.591 8.731-43.648 8.989-15.055 0.257-30.013-2.291-43.978-7.492-13.964-5.201-26.65-12.947-37.297-22.776l-395.136-364.741c-11.004-9.464-19.83-20.878-25.951-33.56s-9.413-26.372-9.678-40.253c-0.265-13.882 2.501-27.67 8.134-40.543 5.633-12.874 14.017-24.567 24.653-34.385s23.304-17.556 37.25-22.757c13.946-5.199 28.884-7.753 43.923-7.507 15.037 0.244 29.869 3.283 43.607 8.933 13.738 5.651 26.103 13.798 36.357 23.955l312.704 288.512 518.634-609.969c0.934-1.061 1.932-2.074 2.988-3.033h-0.15z"
        ],
        "attrs": [
          {
            "fill": "rgb(244, 244, 253)"
          }
        ],
        "width": 1280,
        "isMulticolor": false,
        "isMulticolor2": false,
        "grid": 0,
        "tags": [
          "tick"
        ]
      },
      "attrs": [
        {
          "fill": "rgb(244, 244, 253)"
        }
      ],
      "properties": {
        "order": 10,
        "id": 0,
        "name": "tick",
        "prevSize": 32
      },
      "setIdx": 2,
      "setId": 6,
      "iconIdx": 0
    }
  ],
  "height": 1024,
  "preferences": {
    "showGlyphs": true,
    "showCodes": true,
    "showQuickUse": true,
    "showQuickUse2": true,
    "showSVGs": true,
    "fontPref": {
      "prefix": "icon-",
      "metadata": {},
      "metrics": {
        "emSize": 1024,
        "baseline": 6.25,
        "whitespace": 50
      },
      "embed": false
    },
    "imagePref": {
      "prefix": "icon-",
      "png": true,
      "useClassSelector": true,
      "color": 0,
      "bgColor": 16777215,
      "name": "icomoon",
      "classSelector": ".icon"
    },
    "historySize": 50,
    "gridSize": 16
  }
}